technique,version,instruction,context,output_a,output_b,output_c,output_d,output_e
Machine Learning,two-output,"Recommend tools suitable for Machine Learning development, requiring robust functionality and community support.","The user needs free and open-source tools for machine learning development, prioritizing support for relevant platforms and efficient performance.","Scikit-learn is an open-source machine learning framework that provides comprehensive libraries for model building, evaluation, and deployment.","TensorFlow is a powerful toolkit designed for scalable and efficient machine learning workflows, featuring extensive community resources.",,,
Machine Learning,five-output,"Recommend tools suitable for Machine Learning development, requiring robust functionality and community support.","The user needs free and open-source tools for machine learning development, prioritizing support for relevant platforms and efficient performance.","Scikit-learn is an open-source machine learning framework that provides comprehensive libraries for model building, evaluation, and deployment.","TensorFlow offers advanced tools for high-performance machine learning, supporting large-scale datasets and hardware acceleration.","PyTorch is known for its flexible API and strong community, ideal for research and production in machine learning.",Keras simplifies machine learning development with user-friendly interfaces and streamlined workflows.,"XGBoost delivers optimized performance for specific machine learning tasks, integrating seamlessly with existing pipelines."
Natural Language Processing,two-output,"Recommend tools suitable for Natural Language Processing development, requiring robust functionality and community support.","The user needs free and open-source tools for natural language processing development, prioritizing support for relevant platforms and efficient performance.","NLTK is an open-source natural language processing framework that provides comprehensive libraries for model building, evaluation, and deployment.","spaCy is a powerful toolkit designed for scalable and efficient natural language processing workflows, featuring extensive community resources.",,,
Natural Language Processing,five-output,"Recommend tools suitable for Natural Language Processing development, requiring robust functionality and community support.","The user needs free and open-source tools for natural language processing development, prioritizing support for relevant platforms and efficient performance.","NLTK is an open-source natural language processing framework that provides comprehensive libraries for model building, evaluation, and deployment.","spaCy offers advanced tools for high-performance natural language processing, supporting large-scale datasets and hardware acceleration.","Hugging Face Transformers is known for its flexible API and strong community, ideal for research and production in natural language processing.",Gensim simplifies natural language processing development with user-friendly interfaces and streamlined workflows.,"Flair delivers optimized performance for specific natural language processing tasks, integrating seamlessly with existing pipelines."
Computer Vision,two-output,"Recommend tools suitable for Computer Vision development, requiring robust functionality and community support.","The user needs free and open-source tools for computer vision development, prioritizing support for relevant platforms and efficient performance.","OpenCV is an open-source computer vision framework that provides comprehensive libraries for model building, evaluation, and deployment.","TensorFlow Object Detection API is a powerful toolkit designed for scalable and efficient computer vision workflows, featuring extensive community resources.",,,
Computer Vision,five-output,"Recommend tools suitable for Computer Vision development, requiring robust functionality and community support.","The user needs free and open-source tools for computer vision development, prioritizing support for relevant platforms and efficient performance.","OpenCV is an open-source computer vision framework that provides comprehensive libraries for model building, evaluation, and deployment.","TensorFlow Object Detection API offers advanced tools for high-performance computer vision, supporting large-scale datasets and hardware acceleration.","YOLOv5 is known for its flexible API and strong community, ideal for research and production in computer vision.",Detectron2 simplifies computer vision development with user-friendly interfaces and streamlined workflows.,"SimpleCV delivers optimized performance for specific computer vision tasks, integrating seamlessly with existing pipelines."
Reinforcement Learning,two-output,"Recommend tools suitable for Reinforcement Learning development, requiring robust functionality and community support.","The user needs free and open-source tools for reinforcement learning development, prioritizing support for relevant platforms and efficient performance.","OpenAI Gym is an open-source reinforcement learning framework that provides comprehensive libraries for model building, evaluation, and deployment.","Stable Baselines3 is a powerful toolkit designed for scalable and efficient reinforcement learning workflows, featuring extensive community resources.",,,
Reinforcement Learning,five-output,"Recommend tools suitable for Reinforcement Learning development, requiring robust functionality and community support.","The user needs free and open-source tools for reinforcement learning development, prioritizing support for relevant platforms and efficient performance.","OpenAI Gym is an open-source reinforcement learning framework that provides comprehensive libraries for model building, evaluation, and deployment.","Stable Baselines3 offers advanced tools for high-performance reinforcement learning, supporting large-scale datasets and hardware acceleration.","RLlib is known for its flexible API and strong community, ideal for research and production in reinforcement learning.",Dopamine simplifies reinforcement learning development with user-friendly interfaces and streamlined workflows.,"Acme delivers optimized performance for specific reinforcement learning tasks, integrating seamlessly with existing pipelines."
Distributed Systems,two-output,"Recommend tools suitable for Distributed Systems development, requiring robust functionality and community support.","The user needs free and open-source tools for distributed systems development, prioritizing support for relevant platforms and efficient performance.","Apache Kafka is an open-source distributed systems framework that provides comprehensive libraries for model building, evaluation, and deployment.","Apache Zookeeper is a powerful toolkit designed for scalable and efficient distributed systems workflows, featuring extensive community resources.",,,
Distributed Systems,five-output,"Recommend tools suitable for Distributed Systems development, requiring robust functionality and community support.","The user needs free and open-source tools for distributed systems development, prioritizing support for relevant platforms and efficient performance.","Apache Kafka is an open-source distributed systems framework that provides comprehensive libraries for model building, evaluation, and deployment.","Apache Zookeeper offers advanced tools for high-performance distributed systems, supporting large-scale datasets and hardware acceleration.","RabbitMQ is known for its flexible API and strong community, ideal for research and production in distributed systems.",etcd simplifies distributed systems development with user-friendly interfaces and streamlined workflows.,"Consul delivers optimized performance for specific distributed systems tasks, integrating seamlessly with existing pipelines."
Cybersecurity,two-output,"Recommend tools suitable for Cybersecurity development, requiring robust functionality and community support.","The user needs free and open-source tools for cybersecurity development, prioritizing support for relevant platforms and efficient performance.","Wireshark is an open-source cybersecurity framework that provides comprehensive libraries for model building, evaluation, and deployment.","Snort is a powerful toolkit designed for scalable and efficient cybersecurity workflows, featuring extensive community resources.",,,
Cybersecurity,five-output,"Recommend tools suitable for Cybersecurity development, requiring robust functionality and community support.","The user needs free and open-source tools for cybersecurity development, prioritizing support for relevant platforms and efficient performance.","Wireshark is an open-source cybersecurity framework that provides comprehensive libraries for model building, evaluation, and deployment.","Snort offers advanced tools for high-performance cybersecurity, supporting large-scale datasets and hardware acceleration.","OpenVAS is known for its flexible API and strong community, ideal for research and production in cybersecurity.",Metasploit simplifies cybersecurity development with user-friendly interfaces and streamlined workflows.,"Nmap delivers optimized performance for specific cybersecurity tasks, integrating seamlessly with existing pipelines."
Internet of Things,two-output,"Recommend tools suitable for Internet of Things development, requiring robust functionality and community support.","The user needs free and open-source tools for internet of things development, prioritizing support for relevant platforms and efficient performance.","MQTT is an open-source internet of things framework that provides comprehensive libraries for model building, evaluation, and deployment.","Node-RED is a powerful toolkit designed for scalable and efficient internet of things workflows, featuring extensive community resources.",,,
Internet of Things,five-output,"Recommend tools suitable for Internet of Things development, requiring robust functionality and community support.","The user needs free and open-source tools for internet of things development, prioritizing support for relevant platforms and efficient performance.","MQTT is an open-source internet of things framework that provides comprehensive libraries for model building, evaluation, and deployment.","Node-RED offers advanced tools for high-performance internet of things, supporting large-scale datasets and hardware acceleration.","Home Assistant is known for its flexible API and strong community, ideal for research and production in internet of things.",Eclipse Kura simplifies internet of things development with user-friendly interfaces and streamlined workflows.,"ThingsBoard delivers optimized performance for specific internet of things tasks, integrating seamlessly with existing pipelines."
Quantum Computing,two-output,"Recommend tools suitable for Quantum Computing development, requiring robust functionality and community support.","The user needs free and open-source tools for quantum computing development, prioritizing support for relevant platforms and efficient performance.","Qiskit is an open-source quantum computing framework that provides comprehensive libraries for model building, evaluation, and deployment.","Cirq is a powerful toolkit designed for scalable and efficient quantum computing workflows, featuring extensive community resources.",,,
Quantum Computing,five-output,"Recommend tools suitable for Quantum Computing development, requiring robust functionality and community support.","The user needs free and open-source tools for quantum computing development, prioritizing support for relevant platforms and efficient performance.","Qiskit is an open-source quantum computing framework that provides comprehensive libraries for model building, evaluation, and deployment.","Cirq offers advanced tools for high-performance quantum computing, supporting large-scale datasets and hardware acceleration.","Forest SDK is known for its flexible API and strong community, ideal for research and production in quantum computing.",Quantum++ simplifies quantum computing development with user-friendly interfaces and streamlined workflows.,"PennyLane delivers optimized performance for specific quantum computing tasks, integrating seamlessly with existing pipelines."
Cloud Computing,two-output,"Recommend tools suitable for Cloud Computing development, requiring robust functionality and community support.","The user needs free and open-source tools for cloud computing development, prioritizing support for relevant platforms and efficient performance.","AWS CLI is an open-source cloud computing framework that provides comprehensive libraries for model building, evaluation, and deployment.","Terraform is a powerful toolkit designed for scalable and efficient cloud computing workflows, featuring extensive community resources.",,,
Cloud Computing,five-output,"Recommend tools suitable for Cloud Computing development, requiring robust functionality and community support.","The user needs free and open-source tools for cloud computing development, prioritizing support for relevant platforms and efficient performance.","AWS CLI is an open-source cloud computing framework that provides comprehensive libraries for model building, evaluation, and deployment.","Terraform offers advanced tools for high-performance cloud computing, supporting large-scale datasets and hardware acceleration.","Kubernetes is known for its flexible API and strong community, ideal for research and production in cloud computing.",Ansible simplifies cloud computing development with user-friendly interfaces and streamlined workflows.,"Pulumi delivers optimized performance for specific cloud computing tasks, integrating seamlessly with existing pipelines."
Edge Computing,two-output,"Recommend tools suitable for Edge Computing development, requiring robust functionality and community support.","The user needs free and open-source tools for edge computing development, prioritizing support for relevant platforms and efficient performance.","EdgeX Foundry is an open-source edge computing framework that provides comprehensive libraries for model building, evaluation, and deployment.","Azure IoT Edge is a powerful toolkit designed for scalable and efficient edge computing workflows, featuring extensive community resources.",,,
Edge Computing,five-output,"Recommend tools suitable for Edge Computing development, requiring robust functionality and community support.","The user needs free and open-source tools for edge computing development, prioritizing support for relevant platforms and efficient performance.","EdgeX Foundry is an open-source edge computing framework that provides comprehensive libraries for model building, evaluation, and deployment.","Azure IoT Edge offers advanced tools for high-performance edge computing, supporting large-scale datasets and hardware acceleration.","AWS IoT Greengrass is known for its flexible API and strong community, ideal for research and production in edge computing.",Google Edge TPU API simplifies edge computing development with user-friendly interfaces and streamlined workflows.,"KubeEdge delivers optimized performance for specific edge computing tasks, integrating seamlessly with existing pipelines."
Big Data Analytics,two-output,"Recommend tools suitable for Big Data Analytics development, requiring robust functionality and community support.","The user needs free and open-source tools for big data analytics development, prioritizing support for relevant platforms and efficient performance.","Scikit-learn is an open-source big data analytics framework that provides comprehensive libraries for model building, evaluation, and deployment.","TensorFlow is a powerful toolkit designed for scalable and efficient big data analytics workflows, featuring extensive community resources.",,,
Big Data Analytics,five-output,"Recommend tools suitable for Big Data Analytics development, requiring robust functionality and community support.","The user needs free and open-source tools for big data analytics development, prioritizing support for relevant platforms and efficient performance.","Scikit-learn is an open-source big data analytics framework that provides comprehensive libraries for model building, evaluation, and deployment.","TensorFlow offers advanced tools for high-performance big data analytics, supporting large-scale datasets and hardware acceleration.","PyTorch is known for its flexible API and strong community, ideal for research and production in big data analytics.",Keras simplifies big data analytics development with user-friendly interfaces and streamlined workflows.,"XGBoost delivers optimized performance for specific big data analytics tasks, integrating seamlessly with existing pipelines."
Blockchain Infrastructure,two-output,"Recommend tools suitable for Blockchain Infrastructure development, requiring robust functionality and community support.","The user needs free and open-source tools for blockchain infrastructure development, prioritizing support for relevant platforms and efficient performance.","Scikit-learn is an open-source blockchain infrastructure framework that provides comprehensive libraries for model building, evaluation, and deployment.","TensorFlow is a powerful toolkit designed for scalable and efficient blockchain infrastructure workflows, featuring extensive community resources.",,,
Blockchain Infrastructure,five-output,"Recommend tools suitable for Blockchain Infrastructure development, requiring robust functionality and community support.","The user needs free and open-source tools for blockchain infrastructure development, prioritizing support for relevant platforms and efficient performance.","Scikit-learn is an open-source blockchain infrastructure framework that provides comprehensive libraries for model building, evaluation, and deployment.","TensorFlow offers advanced tools for high-performance blockchain infrastructure, supporting large-scale datasets and hardware acceleration.","PyTorch is known for its flexible API and strong community, ideal for research and production in blockchain infrastructure.",Keras simplifies blockchain infrastructure development with user-friendly interfaces and streamlined workflows.,"XGBoost delivers optimized performance for specific blockchain infrastructure tasks, integrating seamlessly with existing pipelines."
Data Mining,two-output,"Recommend tools suitable for Data Mining development, requiring robust functionality and community support.","The user needs free and open-source tools for data mining development, prioritizing support for relevant platforms and efficient performance.","Scikit-learn is an open-source data mining framework that provides comprehensive libraries for model building, evaluation, and deployment.","TensorFlow is a powerful toolkit designed for scalable and efficient data mining workflows, featuring extensive community resources.",,,
Data Mining,five-output,"Recommend tools suitable for Data Mining development, requiring robust functionality and community support.","The user needs free and open-source tools for data mining development, prioritizing support for relevant platforms and efficient performance.","Scikit-learn is an open-source data mining framework that provides comprehensive libraries for model building, evaluation, and deployment.","TensorFlow offers advanced tools for high-performance data mining, supporting large-scale datasets and hardware acceleration.","PyTorch is known for its flexible API and strong community, ideal for research and production in data mining.",Keras simplifies data mining development with user-friendly interfaces and streamlined workflows.,"XGBoost delivers optimized performance for specific data mining tasks, integrating seamlessly with existing pipelines."
Robotics,two-output,"Recommend tools suitable for Robotics development, requiring robust functionality and community support.","The user needs free and open-source tools for robotics development, prioritizing support for relevant platforms and efficient performance.","Scikit-learn is an open-source robotics framework that provides comprehensive libraries for model building, evaluation, and deployment.","TensorFlow is a powerful toolkit designed for scalable and efficient robotics workflows, featuring extensive community resources.",,,
Robotics,five-output,"Recommend tools suitable for Robotics development, requiring robust functionality and community support.","The user needs free and open-source tools for robotics development, prioritizing support for relevant platforms and efficient performance.","Scikit-learn is an open-source robotics framework that provides comprehensive libraries for model building, evaluation, and deployment.","TensorFlow offers advanced tools for high-performance robotics, supporting large-scale datasets and hardware acceleration.","PyTorch is known for its flexible API and strong community, ideal for research and production in robotics.",Keras simplifies robotics development with user-friendly interfaces and streamlined workflows.,"XGBoost delivers optimized performance for specific robotics tasks, integrating seamlessly with existing pipelines."
Human-Computer Interaction,two-output,"Recommend tools suitable for Human-Computer Interaction development, requiring robust functionality and community support.","The user needs free and open-source tools for human-computer interaction development, prioritizing support for relevant platforms and efficient performance.","Scikit-learn is an open-source human-computer interaction framework that provides comprehensive libraries for model building, evaluation, and deployment.","TensorFlow is a powerful toolkit designed for scalable and efficient human-computer interaction workflows, featuring extensive community resources.",,,
Human-Computer Interaction,five-output,"Recommend tools suitable for Human-Computer Interaction development, requiring robust functionality and community support.","The user needs free and open-source tools for human-computer interaction development, prioritizing support for relevant platforms and efficient performance.","Scikit-learn is an open-source human-computer interaction framework that provides comprehensive libraries for model building, evaluation, and deployment.","TensorFlow offers advanced tools for high-performance human-computer interaction, supporting large-scale datasets and hardware acceleration.","PyTorch is known for its flexible API and strong community, ideal for research and production in human-computer interaction.",Keras simplifies human-computer interaction development with user-friendly interfaces and streamlined workflows.,"XGBoost delivers optimized performance for specific human-computer interaction tasks, integrating seamlessly with existing pipelines."
Software Testing,two-output,"Recommend tools suitable for Software Testing development, requiring robust functionality and community support.","The user needs free and open-source tools for software testing development, prioritizing support for relevant platforms and efficient performance.","Scikit-learn is an open-source software testing framework that provides comprehensive libraries for model building, evaluation, and deployment.","TensorFlow is a powerful toolkit designed for scalable and efficient software testing workflows, featuring extensive community resources.",,,
Software Testing,five-output,"Recommend tools suitable for Software Testing development, requiring robust functionality and community support.","The user needs free and open-source tools for software testing development, prioritizing support for relevant platforms and efficient performance.","Scikit-learn is an open-source software testing framework that provides comprehensive libraries for model building, evaluation, and deployment.","TensorFlow offers advanced tools for high-performance software testing, supporting large-scale datasets and hardware acceleration.","PyTorch is known for its flexible API and strong community, ideal for research and production in software testing.",Keras simplifies software testing development with user-friendly interfaces and streamlined workflows.,"XGBoost delivers optimized performance for specific software testing tasks, integrating seamlessly with existing pipelines."
Embedded Systems,two-output,"Recommend tools suitable for Embedded Systems development, requiring robust functionality and community support.","The user needs free and open-source tools for embedded systems development, prioritizing support for relevant platforms and efficient performance.","Scikit-learn is an open-source embedded systems framework that provides comprehensive libraries for model building, evaluation, and deployment.","TensorFlow is a powerful toolkit designed for scalable and efficient embedded systems workflows, featuring extensive community resources.",,,
Embedded Systems,five-output,"Recommend tools suitable for Embedded Systems development, requiring robust functionality and community support.","The user needs free and open-source tools for embedded systems development, prioritizing support for relevant platforms and efficient performance.","Scikit-learn is an open-source embedded systems framework that provides comprehensive libraries for model building, evaluation, and deployment.","TensorFlow offers advanced tools for high-performance embedded systems, supporting large-scale datasets and hardware acceleration.","PyTorch is known for its flexible API and strong community, ideal for research and production in embedded systems.",Keras simplifies embedded systems development with user-friendly interfaces and streamlined workflows.,"XGBoost delivers optimized performance for specific embedded systems tasks, integrating seamlessly with existing pipelines."
Parallel Computing,two-output,"Recommend tools suitable for Parallel Computing development, requiring robust functionality and community support.","The user needs free and open-source tools for parallel computing development, prioritizing support for relevant platforms and efficient performance.","Scikit-learn is an open-source parallel computing framework that provides comprehensive libraries for model building, evaluation, and deployment.","TensorFlow is a powerful toolkit designed for scalable and efficient parallel computing workflows, featuring extensive community resources.",,,
Parallel Computing,five-output,"Recommend tools suitable for Parallel Computing development, requiring robust functionality and community support.","The user needs free and open-source tools for parallel computing development, prioritizing support for relevant platforms and efficient performance.","Scikit-learn is an open-source parallel computing framework that provides comprehensive libraries for model building, evaluation, and deployment.","TensorFlow offers advanced tools for high-performance parallel computing, supporting large-scale datasets and hardware acceleration.","PyTorch is known for its flexible API and strong community, ideal for research and production in parallel computing.",Keras simplifies parallel computing development with user-friendly interfaces and streamlined workflows.,"XGBoost delivers optimized performance for specific parallel computing tasks, integrating seamlessly with existing pipelines."
Virtual Reality,two-output,"Recommend tools suitable for Virtual Reality development, requiring robust functionality and community support.","The user needs free and open-source tools for virtual reality development, prioritizing support for relevant platforms and efficient performance.","Scikit-learn is an open-source virtual reality framework that provides comprehensive libraries for model building, evaluation, and deployment.","TensorFlow is a powerful toolkit designed for scalable and efficient virtual reality workflows, featuring extensive community resources.",,,
Virtual Reality,five-output,"Recommend tools suitable for Virtual Reality development, requiring robust functionality and community support.","The user needs free and open-source tools for virtual reality development, prioritizing support for relevant platforms and efficient performance.","Scikit-learn is an open-source virtual reality framework that provides comprehensive libraries for model building, evaluation, and deployment.","TensorFlow offers advanced tools for high-performance virtual reality, supporting large-scale datasets and hardware acceleration.","PyTorch is known for its flexible API and strong community, ideal for research and production in virtual reality.",Keras simplifies virtual reality development with user-friendly interfaces and streamlined workflows.,"XGBoost delivers optimized performance for specific virtual reality tasks, integrating seamlessly with existing pipelines."
Augmented Reality,two-output,"Recommend tools suitable for Augmented Reality development, requiring robust functionality and community support.","The user needs free and open-source tools for augmented reality development, prioritizing support for relevant platforms and efficient performance.","Scikit-learn is an open-source augmented reality framework that provides comprehensive libraries for model building, evaluation, and deployment.","TensorFlow is a powerful toolkit designed for scalable and efficient augmented reality workflows, featuring extensive community resources.",,,
Augmented Reality,five-output,"Recommend tools suitable for Augmented Reality development, requiring robust functionality and community support.","The user needs free and open-source tools for augmented reality development, prioritizing support for relevant platforms and efficient performance.","Scikit-learn is an open-source augmented reality framework that provides comprehensive libraries for model building, evaluation, and deployment.","TensorFlow offers advanced tools for high-performance augmented reality, supporting large-scale datasets and hardware acceleration.","PyTorch is known for its flexible API and strong community, ideal for research and production in augmented reality.",Keras simplifies augmented reality development with user-friendly interfaces and streamlined workflows.,"XGBoost delivers optimized performance for specific augmented reality tasks, integrating seamlessly with existing pipelines."
Bioinformatics,two-output,"Recommend tools suitable for Bioinformatics development, requiring robust functionality and community support.","The user needs free and open-source tools for bioinformatics development, prioritizing support for relevant platforms and efficient performance.","Scikit-learn is an open-source bioinformatics framework that provides comprehensive libraries for model building, evaluation, and deployment.","TensorFlow is a powerful toolkit designed for scalable and efficient bioinformatics workflows, featuring extensive community resources.",,,
Bioinformatics,five-output,"Recommend tools suitable for Bioinformatics development, requiring robust functionality and community support.","The user needs free and open-source tools for bioinformatics development, prioritizing support for relevant platforms and efficient performance.","Scikit-learn is an open-source bioinformatics framework that provides comprehensive libraries for model building, evaluation, and deployment.","TensorFlow offers advanced tools for high-performance bioinformatics, supporting large-scale datasets and hardware acceleration.","PyTorch is known for its flexible API and strong community, ideal for research and production in bioinformatics.",Keras simplifies bioinformatics development with user-friendly interfaces and streamlined workflows.,"XGBoost delivers optimized performance for specific bioinformatics tasks, integrating seamlessly with existing pipelines."
High-Performance Computing,two-output,"Recommend tools suitable for High-Performance Computing development, requiring robust functionality and community support.","The user needs free and open-source tools for high-performance computing development, prioritizing support for relevant platforms and efficient performance.","Scikit-learn is an open-source high-performance computing framework that provides comprehensive libraries for model building, evaluation, and deployment.","TensorFlow is a powerful toolkit designed for scalable and efficient high-performance computing workflows, featuring extensive community resources.",,,
High-Performance Computing,five-output,"Recommend tools suitable for High-Performance Computing development, requiring robust functionality and community support.","The user needs free and open-source tools for high-performance computing development, prioritizing support for relevant platforms and efficient performance.","Scikit-learn is an open-source high-performance computing framework that provides comprehensive libraries for model building, evaluation, and deployment.","TensorFlow offers advanced tools for high-performance high-performance computing, supporting large-scale datasets and hardware acceleration.","PyTorch is known for its flexible API and strong community, ideal for research and production in high-performance computing.",Keras simplifies high-performance computing development with user-friendly interfaces and streamlined workflows.,"XGBoost delivers optimized performance for specific high-performance computing tasks, integrating seamlessly with existing pipelines."
DevOps,two-output,"Recommend tools suitable for DevOps development, requiring robust functionality and community support.","The user needs free and open-source tools for devops development, prioritizing support for relevant platforms and efficient performance.","Scikit-learn is an open-source devops framework that provides comprehensive libraries for model building, evaluation, and deployment.","TensorFlow is a powerful toolkit designed for scalable and efficient devops workflows, featuring extensive community resources.",,,
DevOps,five-output,"Recommend tools suitable for DevOps development, requiring robust functionality and community support.","The user needs free and open-source tools for devops development, prioritizing support for relevant platforms and efficient performance.","Scikit-learn is an open-source devops framework that provides comprehensive libraries for model building, evaluation, and deployment.","TensorFlow offers advanced tools for high-performance devops, supporting large-scale datasets and hardware acceleration.","PyTorch is known for its flexible API and strong community, ideal for research and production in devops.",Keras simplifies devops development with user-friendly interfaces and streamlined workflows.,"XGBoost delivers optimized performance for specific devops tasks, integrating seamlessly with existing pipelines."
Database Systems,two-output,"Recommend tools suitable for Database Systems development, requiring robust functionality and community support.","The user needs free and open-source tools for database systems development, prioritizing support for relevant platforms and efficient performance.","Scikit-learn is an open-source database systems framework that provides comprehensive libraries for model building, evaluation, and deployment.","TensorFlow is a powerful toolkit designed for scalable and efficient database systems workflows, featuring extensive community resources.",,,
Database Systems,five-output,"Recommend tools suitable for Database Systems development, requiring robust functionality and community support.","The user needs free and open-source tools for database systems development, prioritizing support for relevant platforms and efficient performance.","Scikit-learn is an open-source database systems framework that provides comprehensive libraries for model building, evaluation, and deployment.","TensorFlow offers advanced tools for high-performance database systems, supporting large-scale datasets and hardware acceleration.","PyTorch is known for its flexible API and strong community, ideal for research and production in database systems.",Keras simplifies database systems development with user-friendly interfaces and streamlined workflows.,"XGBoost delivers optimized performance for specific database systems tasks, integrating seamlessly with existing pipelines."
Mobile Computing,two-output,"Recommend tools suitable for Mobile Computing development, requiring robust functionality and community support.","The user needs free and open-source tools for mobile computing development, prioritizing support for relevant platforms and efficient performance.","Scikit-learn is an open-source mobile computing framework that provides comprehensive libraries for model building, evaluation, and deployment.","TensorFlow is a powerful toolkit designed for scalable and efficient mobile computing workflows, featuring extensive community resources.",,,
Mobile Computing,five-output,"Recommend tools suitable for Mobile Computing development, requiring robust functionality and community support.","The user needs free and open-source tools for mobile computing development, prioritizing support for relevant platforms and efficient performance.","Scikit-learn is an open-source mobile computing framework that provides comprehensive libraries for model building, evaluation, and deployment.","TensorFlow offers advanced tools for high-performance mobile computing, supporting large-scale datasets and hardware acceleration.","PyTorch is known for its flexible API and strong community, ideal for research and production in mobile computing.",Keras simplifies mobile computing development with user-friendly interfaces and streamlined workflows.,"XGBoost delivers optimized performance for specific mobile computing tasks, integrating seamlessly with existing pipelines."
Semantic Web,two-output,"Recommend tools suitable for Semantic Web development, requiring robust functionality and community support.","The user needs free and open-source tools for semantic web development, prioritizing support for relevant platforms and efficient performance.","Scikit-learn is an open-source semantic web framework that provides comprehensive libraries for model building, evaluation, and deployment.","TensorFlow is a powerful toolkit designed for scalable and efficient semantic web workflows, featuring extensive community resources.",,,
Semantic Web,five-output,"Recommend tools suitable for Semantic Web development, requiring robust functionality and community support.","The user needs free and open-source tools for semantic web development, prioritizing support for relevant platforms and efficient performance.","Scikit-learn is an open-source semantic web framework that provides comprehensive libraries for model building, evaluation, and deployment.","TensorFlow offers advanced tools for high-performance semantic web, supporting large-scale datasets and hardware acceleration.","PyTorch is known for its flexible API and strong community, ideal for research and production in semantic web.",Keras simplifies semantic web development with user-friendly interfaces and streamlined workflows.,"XGBoost delivers optimized performance for specific semantic web tasks, integrating seamlessly with existing pipelines."
Microservices Architecture,two-output,"Recommend tools suitable for Microservices Architecture development, requiring robust functionality and community support.","The user needs free and open-source tools for microservices architecture development, prioritizing support for relevant platforms and efficient performance.","Scikit-learn is an open-source microservices architecture framework that provides comprehensive libraries for model building, evaluation, and deployment.","TensorFlow is a powerful toolkit designed for scalable and efficient microservices architecture workflows, featuring extensive community resources.",,,
Microservices Architecture,five-output,"Recommend tools suitable for Microservices Architecture development, requiring robust functionality and community support.","The user needs free and open-source tools for microservices architecture development, prioritizing support for relevant platforms and efficient performance.","Scikit-learn is an open-source microservices architecture framework that provides comprehensive libraries for model building, evaluation, and deployment.","TensorFlow offers advanced tools for high-performance microservices architecture, supporting large-scale datasets and hardware acceleration.","PyTorch is known for its flexible API and strong community, ideal for research and production in microservices architecture.",Keras simplifies microservices architecture development with user-friendly interfaces and streamlined workflows.,"XGBoost delivers optimized performance for specific microservices architecture tasks, integrating seamlessly with existing pipelines."
Cryptography,two-output,"Recommend tools suitable for Cryptography development, requiring robust functionality and community support.","The user needs free and open-source tools for cryptography development, prioritizing support for relevant platforms and efficient performance.","Scikit-learn is an open-source cryptography framework that provides comprehensive libraries for model building, evaluation, and deployment.","TensorFlow is a powerful toolkit designed for scalable and efficient cryptography workflows, featuring extensive community resources.",,,
Cryptography,five-output,"Recommend tools suitable for Cryptography development, requiring robust functionality and community support.","The user needs free and open-source tools for cryptography development, prioritizing support for relevant platforms and efficient performance.","Scikit-learn is an open-source cryptography framework that provides comprehensive libraries for model building, evaluation, and deployment.","TensorFlow offers advanced tools for high-performance cryptography, supporting large-scale datasets and hardware acceleration.","PyTorch is known for its flexible API and strong community, ideal for research and production in cryptography.",Keras simplifies cryptography development with user-friendly interfaces and streamlined workflows.,"XGBoost delivers optimized performance for specific cryptography tasks, integrating seamlessly with existing pipelines."
Computer Graphics,two-output,"Recommend tools suitable for Computer Graphics development, requiring robust functionality and community support.","The user needs free and open-source tools for computer graphics development, prioritizing support for relevant platforms and efficient performance.","Scikit-learn is an open-source computer graphics framework that provides comprehensive libraries for model building, evaluation, and deployment.","TensorFlow is a powerful toolkit designed for scalable and efficient computer graphics workflows, featuring extensive community resources.",,,
Computer Graphics,five-output,"Recommend tools suitable for Computer Graphics development, requiring robust functionality and community support.","The user needs free and open-source tools for computer graphics development, prioritizing support for relevant platforms and efficient performance.","Scikit-learn is an open-source computer graphics framework that provides comprehensive libraries for model building, evaluation, and deployment.","TensorFlow offers advanced tools for high-performance computer graphics, supporting large-scale datasets and hardware acceleration.","PyTorch is known for its flexible API and strong community, ideal for research and production in computer graphics.",Keras simplifies computer graphics development with user-friendly interfaces and streamlined workflows.,"XGBoost delivers optimized performance for specific computer graphics tasks, integrating seamlessly with existing pipelines."
Compiler Design,two-output,"Recommend tools suitable for Compiler Design development, requiring robust functionality and community support.","The user needs free and open-source tools for compiler design development, prioritizing support for relevant platforms and efficient performance.","Scikit-learn is an open-source compiler design framework that provides comprehensive libraries for model building, evaluation, and deployment.","TensorFlow is a powerful toolkit designed for scalable and efficient compiler design workflows, featuring extensive community resources.",,,
Compiler Design,five-output,"Recommend tools suitable for Compiler Design development, requiring robust functionality and community support.","The user needs free and open-source tools for compiler design development, prioritizing support for relevant platforms and efficient performance.","Scikit-learn is an open-source compiler design framework that provides comprehensive libraries for model building, evaluation, and deployment.","TensorFlow offers advanced tools for high-performance compiler design, supporting large-scale datasets and hardware acceleration.","PyTorch is known for its flexible API and strong community, ideal for research and production in compiler design.",Keras simplifies compiler design development with user-friendly interfaces and streamlined workflows.,"XGBoost delivers optimized performance for specific compiler design tasks, integrating seamlessly with existing pipelines."
Operating Systems,two-output,"Recommend tools suitable for Operating Systems development, requiring robust functionality and community support.","The user needs free and open-source tools for operating systems development, prioritizing support for relevant platforms and efficient performance.","Scikit-learn is an open-source operating systems framework that provides comprehensive libraries for model building, evaluation, and deployment.","TensorFlow is a powerful toolkit designed for scalable and efficient operating systems workflows, featuring extensive community resources.",,,
Operating Systems,five-output,"Recommend tools suitable for Operating Systems development, requiring robust functionality and community support.","The user needs free and open-source tools for operating systems development, prioritizing support for relevant platforms and efficient performance.","Scikit-learn is an open-source operating systems framework that provides comprehensive libraries for model building, evaluation, and deployment.","TensorFlow offers advanced tools for high-performance operating systems, supporting large-scale datasets and hardware acceleration.","PyTorch is known for its flexible API and strong community, ideal for research and production in operating systems.",Keras simplifies operating systems development with user-friendly interfaces and streamlined workflows.,"XGBoost delivers optimized performance for specific operating systems tasks, integrating seamlessly with existing pipelines."
Computer Networks,two-output,"Recommend tools suitable for Computer Networks development, requiring robust functionality and community support.","The user needs free and open-source tools for computer networks development, prioritizing support for relevant platforms and efficient performance.","Scikit-learn is an open-source computer networks framework that provides comprehensive libraries for model building, evaluation, and deployment.","TensorFlow is a powerful toolkit designed for scalable and efficient computer networks workflows, featuring extensive community resources.",,,
Computer Networks,five-output,"Recommend tools suitable for Computer Networks development, requiring robust functionality and community support.","The user needs free and open-source tools for computer networks development, prioritizing support for relevant platforms and efficient performance.","Scikit-learn is an open-source computer networks framework that provides comprehensive libraries for model building, evaluation, and deployment.","TensorFlow offers advanced tools for high-performance computer networks, supporting large-scale datasets and hardware acceleration.","PyTorch is known for its flexible API and strong community, ideal for research and production in computer networks.",Keras simplifies computer networks development with user-friendly interfaces and streamlined workflows.,"XGBoost delivers optimized performance for specific computer networks tasks, integrating seamlessly with existing pipelines."
Digital Signal Processing,two-output,"Recommend tools suitable for Digital Signal Processing development, requiring robust functionality and community support.","The user needs free and open-source tools for digital signal processing development, prioritizing support for relevant platforms and efficient performance.","Scikit-learn is an open-source digital signal processing framework that provides comprehensive libraries for model building, evaluation, and deployment.","TensorFlow is a powerful toolkit designed for scalable and efficient digital signal processing workflows, featuring extensive community resources.",,,
Digital Signal Processing,five-output,"Recommend tools suitable for Digital Signal Processing development, requiring robust functionality and community support.","The user needs free and open-source tools for digital signal processing development, prioritizing support for relevant platforms and efficient performance.","Scikit-learn is an open-source digital signal processing framework that provides comprehensive libraries for model building, evaluation, and deployment.","TensorFlow offers advanced tools for high-performance digital signal processing, supporting large-scale datasets and hardware acceleration.","PyTorch is known for its flexible API and strong community, ideal for research and production in digital signal processing.",Keras simplifies digital signal processing development with user-friendly interfaces and streamlined workflows.,"XGBoost delivers optimized performance for specific digital signal processing tasks, integrating seamlessly with existing pipelines."
Algorithm Design,two-output,"Recommend tools suitable for Algorithm Design development, requiring robust functionality and community support.","The user needs free and open-source tools for algorithm design development, prioritizing support for relevant platforms and efficient performance.","Scikit-learn is an open-source algorithm design framework that provides comprehensive libraries for model building, evaluation, and deployment.","TensorFlow is a powerful toolkit designed for scalable and efficient algorithm design workflows, featuring extensive community resources.",,,
Algorithm Design,five-output,"Recommend tools suitable for Algorithm Design development, requiring robust functionality and community support.","The user needs free and open-source tools for algorithm design development, prioritizing support for relevant platforms and efficient performance.","Scikit-learn is an open-source algorithm design framework that provides comprehensive libraries for model building, evaluation, and deployment.","TensorFlow offers advanced tools for high-performance algorithm design, supporting large-scale datasets and hardware acceleration.","PyTorch is known for its flexible API and strong community, ideal for research and production in algorithm design.",Keras simplifies algorithm design development with user-friendly interfaces and streamlined workflows.,"XGBoost delivers optimized performance for specific algorithm design tasks, integrating seamlessly with existing pipelines."
Software Architecture,two-output,"Recommend tools suitable for Software Architecture development, requiring robust functionality and community support.","The user needs free and open-source tools for software architecture development, prioritizing support for relevant platforms and efficient performance.","Scikit-learn is an open-source software architecture framework that provides comprehensive libraries for model building, evaluation, and deployment.","TensorFlow is a powerful toolkit designed for scalable and efficient software architecture workflows, featuring extensive community resources.",,,
Software Architecture,five-output,"Recommend tools suitable for Software Architecture development, requiring robust functionality and community support.","The user needs free and open-source tools for software architecture development, prioritizing support for relevant platforms and efficient performance.","Scikit-learn is an open-source software architecture framework that provides comprehensive libraries for model building, evaluation, and deployment.","TensorFlow offers advanced tools for high-performance software architecture, supporting large-scale datasets and hardware acceleration.","PyTorch is known for its flexible API and strong community, ideal for research and production in software architecture.",Keras simplifies software architecture development with user-friendly interfaces and streamlined workflows.,"XGBoost delivers optimized performance for specific software architecture tasks, integrating seamlessly with existing pipelines."
Formal Methods,two-output,"Recommend tools suitable for Formal Methods development, requiring robust functionality and community support.","The user needs free and open-source tools for formal methods development, prioritizing support for relevant platforms and efficient performance.","Scikit-learn is an open-source formal methods framework that provides comprehensive libraries for model building, evaluation, and deployment.","TensorFlow is a powerful toolkit designed for scalable and efficient formal methods workflows, featuring extensive community resources.",,,
Formal Methods,five-output,"Recommend tools suitable for Formal Methods development, requiring robust functionality and community support.","The user needs free and open-source tools for formal methods development, prioritizing support for relevant platforms and efficient performance.","Scikit-learn is an open-source formal methods framework that provides comprehensive libraries for model building, evaluation, and deployment.","TensorFlow offers advanced tools for high-performance formal methods, supporting large-scale datasets and hardware acceleration.","PyTorch is known for its flexible API and strong community, ideal for research and production in formal methods.",Keras simplifies formal methods development with user-friendly interfaces and streamlined workflows.,"XGBoost delivers optimized performance for specific formal methods tasks, integrating seamlessly with existing pipelines."
Distributed Ledger Technology,two-output,"Recommend tools suitable for Distributed Ledger Technology development, requiring robust functionality and community support.","The user needs free and open-source tools for distributed ledger technology development, prioritizing support for relevant platforms and efficient performance.","Scikit-learn is an open-source distributed ledger technology framework that provides comprehensive libraries for model building, evaluation, and deployment.","TensorFlow is a powerful toolkit designed for scalable and efficient distributed ledger technology workflows, featuring extensive community resources.",,,
Distributed Ledger Technology,five-output,"Recommend tools suitable for Distributed Ledger Technology development, requiring robust functionality and community support.","The user needs free and open-source tools for distributed ledger technology development, prioritizing support for relevant platforms and efficient performance.","Scikit-learn is an open-source distributed ledger technology framework that provides comprehensive libraries for model building, evaluation, and deployment.","TensorFlow offers advanced tools for high-performance distributed ledger technology, supporting large-scale datasets and hardware acceleration.","PyTorch is known for its flexible API and strong community, ideal for research and production in distributed ledger technology.",Keras simplifies distributed ledger technology development with user-friendly interfaces and streamlined workflows.,"XGBoost delivers optimized performance for specific distributed ledger technology tasks, integrating seamlessly with existing pipelines."
Gesture Recognition,two-output,"Recommend tools suitable for Gesture Recognition development, requiring robust functionality and community support.","The user needs free and open-source tools for gesture recognition development, prioritizing support for relevant platforms and efficient performance.","Scikit-learn is an open-source gesture recognition framework that provides comprehensive libraries for model building, evaluation, and deployment.","TensorFlow is a powerful toolkit designed for scalable and efficient gesture recognition workflows, featuring extensive community resources.",,,
Gesture Recognition,five-output,"Recommend tools suitable for Gesture Recognition development, requiring robust functionality and community support.","The user needs free and open-source tools for gesture recognition development, prioritizing support for relevant platforms and efficient performance.","Scikit-learn is an open-source gesture recognition framework that provides comprehensive libraries for model building, evaluation, and deployment.","TensorFlow offers advanced tools for high-performance gesture recognition, supporting large-scale datasets and hardware acceleration.","PyTorch is known for its flexible API and strong community, ideal for research and production in gesture recognition.",Keras simplifies gesture recognition development with user-friendly interfaces and streamlined workflows.,"XGBoost delivers optimized performance for specific gesture recognition tasks, integrating seamlessly with existing pipelines."
Speech Recognition,two-output,"Recommend tools suitable for Speech Recognition development, requiring robust functionality and community support.","The user needs free and open-source tools for speech recognition development, prioritizing support for relevant platforms and efficient performance.","Scikit-learn is an open-source speech recognition framework that provides comprehensive libraries for model building, evaluation, and deployment.","TensorFlow is a powerful toolkit designed for scalable and efficient speech recognition workflows, featuring extensive community resources.",,,
Speech Recognition,five-output,"Recommend tools suitable for Speech Recognition development, requiring robust functionality and community support.","The user needs free and open-source tools for speech recognition development, prioritizing support for relevant platforms and efficient performance.","Scikit-learn is an open-source speech recognition framework that provides comprehensive libraries for model building, evaluation, and deployment.","TensorFlow offers advanced tools for high-performance speech recognition, supporting large-scale datasets and hardware acceleration.","PyTorch is known for its flexible API and strong community, ideal for research and production in speech recognition.",Keras simplifies speech recognition development with user-friendly interfaces and streamlined workflows.,"XGBoost delivers optimized performance for specific speech recognition tasks, integrating seamlessly with existing pipelines."
Automated Theorem Proving,two-output,"Recommend tools suitable for Automated Theorem Proving development, requiring robust functionality and community support.","The user needs free and open-source tools for automated theorem proving development, prioritizing support for relevant platforms and efficient performance.","Scikit-learn is an open-source automated theorem proving framework that provides comprehensive libraries for model building, evaluation, and deployment.","TensorFlow is a powerful toolkit designed for scalable and efficient automated theorem proving workflows, featuring extensive community resources.",,,
Automated Theorem Proving,five-output,"Recommend tools suitable for Automated Theorem Proving development, requiring robust functionality and community support.","The user needs free and open-source tools for automated theorem proving development, prioritizing support for relevant platforms and efficient performance.","Scikit-learn is an open-source automated theorem proving framework that provides comprehensive libraries for model building, evaluation, and deployment.","TensorFlow offers advanced tools for high-performance automated theorem proving, supporting large-scale datasets and hardware acceleration.","PyTorch is known for its flexible API and strong community, ideal for research and production in automated theorem proving.",Keras simplifies automated theorem proving development with user-friendly interfaces and streamlined workflows.,"XGBoost delivers optimized performance for specific automated theorem proving tasks, integrating seamlessly with existing pipelines."
Sensor Networks,two-output,"Recommend tools suitable for Sensor Networks development, requiring robust functionality and community support.","The user needs free and open-source tools for sensor networks development, prioritizing support for relevant platforms and efficient performance.","Scikit-learn is an open-source sensor networks framework that provides comprehensive libraries for model building, evaluation, and deployment.","TensorFlow is a powerful toolkit designed for scalable and efficient sensor networks workflows, featuring extensive community resources.",,,
Sensor Networks,five-output,"Recommend tools suitable for Sensor Networks development, requiring robust functionality and community support.","The user needs free and open-source tools for sensor networks development, prioritizing support for relevant platforms and efficient performance.","Scikit-learn is an open-source sensor networks framework that provides comprehensive libraries for model building, evaluation, and deployment.","TensorFlow offers advanced tools for high-performance sensor networks, supporting large-scale datasets and hardware acceleration.","PyTorch is known for its flexible API and strong community, ideal for research and production in sensor networks.",Keras simplifies sensor networks development with user-friendly interfaces and streamlined workflows.,"XGBoost delivers optimized performance for specific sensor networks tasks, integrating seamlessly with existing pipelines."
Natural User Interfaces,two-output,"Recommend tools suitable for Natural User Interfaces development, requiring robust functionality and community support.","The user needs free and open-source tools for natural user interfaces development, prioritizing support for relevant platforms and efficient performance.","Scikit-learn is an open-source natural user interfaces framework that provides comprehensive libraries for model building, evaluation, and deployment.","TensorFlow is a powerful toolkit designed for scalable and efficient natural user interfaces workflows, featuring extensive community resources.",,,
Natural User Interfaces,five-output,"Recommend tools suitable for Natural User Interfaces development, requiring robust functionality and community support.","The user needs free and open-source tools for natural user interfaces development, prioritizing support for relevant platforms and efficient performance.","Scikit-learn is an open-source natural user interfaces framework that provides comprehensive libraries for model building, evaluation, and deployment.","TensorFlow offers advanced tools for high-performance natural user interfaces, supporting large-scale datasets and hardware acceleration.","PyTorch is known for its flexible API and strong community, ideal for research and production in natural user interfaces.",Keras simplifies natural user interfaces development with user-friendly interfaces and streamlined workflows.,"XGBoost delivers optimized performance for specific natural user interfaces tasks, integrating seamlessly with existing pipelines."
Information Retrieval,two-output,"Recommend tools suitable for Information Retrieval development, requiring robust functionality and community support.","The user needs free and open-source tools for information retrieval development, prioritizing support for relevant platforms and efficient performance.","Scikit-learn is an open-source information retrieval framework that provides comprehensive libraries for model building, evaluation, and deployment.","TensorFlow is a powerful toolkit designed for scalable and efficient information retrieval workflows, featuring extensive community resources.",,,
Information Retrieval,five-output,"Recommend tools suitable for Information Retrieval development, requiring robust functionality and community support.","The user needs free and open-source tools for information retrieval development, prioritizing support for relevant platforms and efficient performance.","Scikit-learn is an open-source information retrieval framework that provides comprehensive libraries for model building, evaluation, and deployment.","TensorFlow offers advanced tools for high-performance information retrieval, supporting large-scale datasets and hardware acceleration.","PyTorch is known for its flexible API and strong community, ideal for research and production in information retrieval.",Keras simplifies information retrieval development with user-friendly interfaces and streamlined workflows.,"XGBoost delivers optimized performance for specific information retrieval tasks, integrating seamlessly with existing pipelines."
Knowledge Representation,two-output,"Recommend tools suitable for Knowledge Representation development, requiring robust functionality and community support.","The user needs free and open-source tools for knowledge representation development, prioritizing support for relevant platforms and efficient performance.","Scikit-learn is an open-source knowledge representation framework that provides comprehensive libraries for model building, evaluation, and deployment.","TensorFlow is a powerful toolkit designed for scalable and efficient knowledge representation workflows, featuring extensive community resources.",,,
Knowledge Representation,five-output,"Recommend tools suitable for Knowledge Representation development, requiring robust functionality and community support.","The user needs free and open-source tools for knowledge representation development, prioritizing support for relevant platforms and efficient performance.","Scikit-learn is an open-source knowledge representation framework that provides comprehensive libraries for model building, evaluation, and deployment.","TensorFlow offers advanced tools for high-performance knowledge representation, supporting large-scale datasets and hardware acceleration.","PyTorch is known for its flexible API and strong community, ideal for research and production in knowledge representation.",Keras simplifies knowledge representation development with user-friendly interfaces and streamlined workflows.,"XGBoost delivers optimized performance for specific knowledge representation tasks, integrating seamlessly with existing pipelines."
Predictive Maintenance,two-output,"Recommend tools suitable for Predictive Maintenance development, requiring robust functionality and community support.","The user needs free and open-source tools for predictive maintenance development, prioritizing support for relevant platforms and efficient performance.","Scikit-learn is an open-source predictive maintenance framework that provides comprehensive libraries for model building, evaluation, and deployment.","TensorFlow is a powerful toolkit designed for scalable and efficient predictive maintenance workflows, featuring extensive community resources.",,,
Predictive Maintenance,five-output,"Recommend tools suitable for Predictive Maintenance development, requiring robust functionality and community support.","The user needs free and open-source tools for predictive maintenance development, prioritizing support for relevant platforms and efficient performance.","Scikit-learn is an open-source predictive maintenance framework that provides comprehensive libraries for model building, evaluation, and deployment.","TensorFlow offers advanced tools for high-performance predictive maintenance, supporting large-scale datasets and hardware acceleration.","PyTorch is known for its flexible API and strong community, ideal for research and production in predictive maintenance.",Keras simplifies predictive maintenance development with user-friendly interfaces and streamlined workflows.,"XGBoost delivers optimized performance for specific predictive maintenance tasks, integrating seamlessly with existing pipelines."
Smart Grid Computing,two-output,"Recommend tools suitable for Smart Grid Computing development, requiring robust functionality and community support.","The user needs free and open-source tools for smart grid computing development, prioritizing support for relevant platforms and efficient performance.","Scikit-learn is an open-source smart grid computing framework that provides comprehensive libraries for model building, evaluation, and deployment.","TensorFlow is a powerful toolkit designed for scalable and efficient smart grid computing workflows, featuring extensive community resources.",,,
Smart Grid Computing,five-output,"Recommend tools suitable for Smart Grid Computing development, requiring robust functionality and community support.","The user needs free and open-source tools for smart grid computing development, prioritizing support for relevant platforms and efficient performance.","Scikit-learn is an open-source smart grid computing framework that provides comprehensive libraries for model building, evaluation, and deployment.","TensorFlow offers advanced tools for high-performance smart grid computing, supporting large-scale datasets and hardware acceleration.","PyTorch is known for its flexible API and strong community, ideal for research and production in smart grid computing.",Keras simplifies smart grid computing development with user-friendly interfaces and streamlined workflows.,"XGBoost delivers optimized performance for specific smart grid computing tasks, integrating seamlessly with existing pipelines."
Crowdsourcing Systems,two-output,"Recommend tools suitable for Crowdsourcing Systems development, requiring robust functionality and community support.","The user needs free and open-source tools for crowdsourcing systems development, prioritizing support for relevant platforms and efficient performance.","Scikit-learn is an open-source crowdsourcing systems framework that provides comprehensive libraries for model building, evaluation, and deployment.","TensorFlow is a powerful toolkit designed for scalable and efficient crowdsourcing systems workflows, featuring extensive community resources.",,,
Crowdsourcing Systems,five-output,"Recommend tools suitable for Crowdsourcing Systems development, requiring robust functionality and community support.","The user needs free and open-source tools for crowdsourcing systems development, prioritizing support for relevant platforms and efficient performance.","Scikit-learn is an open-source crowdsourcing systems framework that provides comprehensive libraries for model building, evaluation, and deployment.","TensorFlow offers advanced tools for high-performance crowdsourcing systems, supporting large-scale datasets and hardware acceleration.","PyTorch is known for its flexible API and strong community, ideal for research and production in crowdsourcing systems.",Keras simplifies crowdsourcing systems development with user-friendly interfaces and streamlined workflows.,"XGBoost delivers optimized performance for specific crowdsourcing systems tasks, integrating seamlessly with existing pipelines."
Game Theory Applications,two-output,"Recommend tools suitable for Game Theory Applications development, requiring robust functionality and community support.","The user needs free and open-source tools for game theory applications development, prioritizing support for relevant platforms and efficient performance.","Scikit-learn is an open-source game theory applications framework that provides comprehensive libraries for model building, evaluation, and deployment.","TensorFlow is a powerful toolkit designed for scalable and efficient game theory applications workflows, featuring extensive community resources.",,,
Game Theory Applications,five-output,"Recommend tools suitable for Game Theory Applications development, requiring robust functionality and community support.","The user needs free and open-source tools for game theory applications development, prioritizing support for relevant platforms and efficient performance.","Scikit-learn is an open-source game theory applications framework that provides comprehensive libraries for model building, evaluation, and deployment.","TensorFlow offers advanced tools for high-performance game theory applications, supporting large-scale datasets and hardware acceleration.","PyTorch is known for its flexible API and strong community, ideal for research and production in game theory applications.",Keras simplifies game theory applications development with user-friendly interfaces and streamlined workflows.,"XGBoost delivers optimized performance for specific game theory applications tasks, integrating seamlessly with existing pipelines."
Digital Twins,two-output,"Recommend tools suitable for Digital Twins development, requiring robust functionality and community support.","The user needs free and open-source tools for digital twins development, prioritizing support for relevant platforms and efficient performance.","Scikit-learn is an open-source digital twins framework that provides comprehensive libraries for model building, evaluation, and deployment.","TensorFlow is a powerful toolkit designed for scalable and efficient digital twins workflows, featuring extensive community resources.",,,
Digital Twins,five-output,"Recommend tools suitable for Digital Twins development, requiring robust functionality and community support.","The user needs free and open-source tools for digital twins development, prioritizing support for relevant platforms and efficient performance.","Scikit-learn is an open-source digital twins framework that provides comprehensive libraries for model building, evaluation, and deployment.","TensorFlow offers advanced tools for high-performance digital twins, supporting large-scale datasets and hardware acceleration.","PyTorch is known for its flexible API and strong community, ideal for research and production in digital twins.",Keras simplifies digital twins development with user-friendly interfaces and streamlined workflows.,"XGBoost delivers optimized performance for specific digital twins tasks, integrating seamlessly with existing pipelines."
Edge AI,two-output,"Recommend tools suitable for Edge AI development, requiring robust functionality and community support.","The user needs free and open-source tools for edge ai development, prioritizing support for relevant platforms and efficient performance.","Scikit-learn is an open-source edge ai framework that provides comprehensive libraries for model building, evaluation, and deployment.","TensorFlow is a powerful toolkit designed for scalable and efficient edge ai workflows, featuring extensive community resources.",,,
Edge AI,five-output,"Recommend tools suitable for Edge AI development, requiring robust functionality and community support.","The user needs free and open-source tools for edge ai development, prioritizing support for relevant platforms and efficient performance.","Scikit-learn is an open-source edge ai framework that provides comprehensive libraries for model building, evaluation, and deployment.","TensorFlow offers advanced tools for high-performance edge ai, supporting large-scale datasets and hardware acceleration.","PyTorch is known for its flexible API and strong community, ideal for research and production in edge ai.",Keras simplifies edge ai development with user-friendly interfaces and streamlined workflows.,"XGBoost delivers optimized performance for specific edge ai tasks, integrating seamlessly with existing pipelines."
